SET IDENTITY_INSERT Country ON;
INSERT INTO Country (country_id, country_name, country_population) VALUES (1,'Belgium',11),
 (1729,'England',55),
 (4769,'France',65),
 (7809,'Germany',83),
 (10257,'Italy',60),
 (13274,'Netherlands',17),
 (15722,'Poland',37),
 (17642,'Portugal',10),
 (19694,'Scotland',5),
 (21518,'Spain',46),
 (24558,'Switzerland',8);
 SET IDENTITY_INSERT Country OFF;

INSERT INTO City (city_name, country_id, city_population) VALUES ('Barcelona',21518,1616383),
 ('London',1729,366150),
 ('Dortmund',7809,572087),
 ('Saint-Denis',4769,106785),
 ('Madrid',21518,3220387),
 ('Milan',10257,1352000),
 ('Munich',7809,1472000),
 ('Manchester',1729,2244931),
 ('Berlin',7809,3375222),
 ('Rome',10257,2873000),
 ('Marseille',4769,850725),
 ('Edinburgh',19694,448624),
 ('Lisbon',17642,504718),
 ('Gelsenkirchen',7809,257607),
 ('Seville',21518,688711),
 ('Stuttgart',7809,597939),
 ('Glasgow',19694,577869),
 ('Lyon',4769,484343),
 ('Warsaw',15722,1765000),
 ('Bari',10257,314311),
 ('Hamburg',7809,1734272),
 ('Amsterdam',13274,779808),
 ('Chorzów',15722,108640),
 ('Naples',10257,3085000),
 ('Düsseldorf',7809,619294),
 ('Liverpool',1729,816216),
 ('Mönchengladbach',7809,261454),
 ('Bilbao',21518,350493),
 ('Newcastle upon Tyne',1729,302820),
 ('Rotterdam',13274,610386),
 ('Frankfurt',7809,753056),
 ('Cologne',7809,1086000),
 ('Lille',4769,227559),
 ('Brussels',1,1222637),
 ('Porto',17642,230298),
 ('Nuremberg',7809,518365),
 ('Kaiserslautern',7809,100025),
 ('Valencia',21518,181556),
 ('Hanover',7809,532163),
 ('Sunderland',1729,182974),
 ('Paris',4769,2243833),
 ('Wrocław',15722,638659),
 ('Leipzig',7809,520838),
 ('Gdańsk',15722,582205),
 ('Poznań',15722,540365),
 ('Florence',10257,382258),
 ('Birmingham',1729,1149000),
 ('Bremen',7809,546451),
 ('Bordeaux',4769,239156),
 ('Saint-Étienne',4769,173821),
 ('Turin',10257,886837),
 ('Messina',10257,242591),
 ('Sheffield',1729,640720),
 ('San Sebastian',21518,186665),
 ('Bologna',10257,375893),
 ('Verona',10257,252626),
 ('Elche',21518,230406),
 ('Basel',24558,171017),
 ('Lens',4769,30413),
 ('Leeds',1729,792525),
 ('Palermo',10257,655908),
 ('Oeiras',17642,172120),
 ('Salerno',10257,132333),
 ('Genoa',10257,583601),
 ('Nice',4769,343304),
 ('Nantes',4769,284970),
 ('Saarbrücken',7809,178151),
 ('Middlesbrough',1729,143900),
 ('Eindhoven',13274,216036),
 ('A Coruña',21518,244850),
 ('Zaragoza',21518,680814),
 ('Krefeld',7809,222026),
 ('Mainz',7809,202756),
 ('Arnhem',13274,148070),
 ('Derby',1729,236738),
 ('Kraków',15722,766683),
 ('Toulouse',4769,441801),
 ('Murcia',21518,439800),
 ('Aachen',7809,240086),
 ('Montpellier',4769,257351),
 ('Aveiro',17642,80880),
 ('Coventry',1729,338498),
 ('Southampton',1729,304400),
 ('Vigo',21518,296917),
 ('Trieste',10257,201481),
 ('Las Palmas',21518,378517),
 ('Padova',10257,206438),
 ('Leicester',1729,441213),
 ('Dresden',7809,525105),
 ('Bern',24558,133115),
 ('Nanterre',4769,93742),
 ('Zabrze',15722,179861),
 ('Wolverhampton',1729,262242),
 ('Lecce',10257,94989),
 ('Duisburg',7809,486816),
 ('Blackburn',1729,120500),
 ('Brighton',1729,11844),
 ('Augsburg',7809,272699),
 ('Milton Keynes',1729,184506),
 ('Oviedo',21518,225531),
 ('Nottingham',1729,666358),
 ('Faro',17642,60995),
 ('Braga',17642,136885),
 ('Leverkusen',7809,159926),
 ('Enschede',13274,157838),
 ('Sinsheim',7809,35482),
 ('Wolfsburg',7809,121758),
 ('Stoke-on-Trent',1729,256127),
 ('Geneva',24558,198979),
 ('Málaga',21518,569005),
 ('Guimaraes',17642,152309),
 ('Liège',1,196623),
 ('Zürich',24558,402762),
 ('Metz',4769,120738),
 ('Rennes',4769,207177),
 ('Karlsruhe',7809,296033),
 ('Ipswich',1729,141658),
 ('Coimbra',17642,105842),
 ('Alicante',21518,334865),
 ('Bruges',1,118284),
 ('Gijón',21518,271843),
 ('Rostock',7809,202887),
 ('Bolton',1729,194189),
 ('Perugia',10257,162542),
 ('Parma',10257,176778),
 ('Valladolid',21518,310608),
 ('Reggio Calabria',10257,182551),
 ('Bochum',7809,362213),
 ('Taranto',10257,199332),
 ('Brescia',10257,188803),
 ('Bradford',1729,536986),
 ('Magdeburg',7809,229924),
 ('Norwich',1729,194839),
 ('Bristol',1729,551066),
 ('Mannheim',7809,294627),
 ('West Bromwich',1729,77997),
 ('Bielefeld',7809,328314),
 ('Avellino',10257,54561),
 ('Strasbourg',4769,271781),
 ('Heerenveen',13274,50257),
 ('Ancona',10257,100404),
 ('Kingston upon Hull',1729,261149),
 ('Le Havre',4769,175497),
 ('Valenciennes',4769,44043),
 ('Udine',10257,99341),
 ('Wigan',1729,166840),
 ('Le Mans',4769,142626),
 ('Foggia',10257,147809),
 ('Altenburg',7809,35965),
 ('Darlington',1729,93417);

SET IDENTITY_INSERT League ON;
INSERT INTO League (league_id, country_id, league_name) VALUES (1,1,'Belgium Jupiler League'),
 (1729,1729,'England Premier League'),
 (4769,4769,'France Ligue 1'),
 (7809,7809,'Germany 1. Bundesliga'),
 (10257,10257,'Italy Serie A'),
 (13274,13274,'Netherlands Eredivisie'),
 (15722,15722,'Poland Ekstraklasa'),
 (17642,17642,'Portugal Liga ZON Sagres'),
 (19694,19694,'Scotland Premier League'),
 (21518,21518,'Spain LIGA BBVA'),
 (24558,24558,'Switzerland Super League');
SET IDENTITY_INSERT League OFF;

SET IDENTITY_INSERT Stadium ON;
INSERT INTO Stadium (stadium_id, stadium_name, capacity, city_id, country_id, built_in) VALUES (1,'Camp Nou',99354,1,21518,1957),
 (2,'Wembley Stadium',90000,2,1729,2007),
 (3,'Borussia-Park',54067,27,7809,2004),
 (4,'Twickenham Stadium',82000,2,1729,1909),
 (5,'Signal Iduna Park',81460,3,7809,1974),
 (6,'Stade de France',81400,4,4769,1998),
 (7,'Santiago Bernabéu Stadium',81000,5,21518,1947),
 (8,'Stadio Giuseppe Meazza (San Siro)',80018,6,10257,1926),
 (12,'Allianz Arena',75000,7,7809,2005),
 (13,'Old Trafford',74879,8,1729,1910),
 (14,'Olympiastadion',74649,9,7809,1936),
 (16,'Stadio Olimpico',70634,10,10257,1930),
 (19,'Olympiastadion',69250,7,7809,1972),
 (20,'Metropolitano Stadium',68456,5,21518,2017),
 (21,'Stade Vélodrome',67394,11,4769,1937),
 (23,'Murrayfield Stadium',67144,12,19694,1925),
 (25,'London Stadium',66000,2,1729,2012),
 (26,'Estádio da Luz',64642,13,17642,2003),
 (27,'Tottenham Hotspur Stadium',62850,2,1729,2019),
 (28,'Veltins-Arena',62271,14,7809,2001),
 (29,'Estadio Benito Villamarín',60720,15,21518,1929),
 (30,'Emirates Stadium',60704,2,1729,2006),
 (31,'Mercedes-Benz Arena',60469,16,7809,1933),
 (32,'Celtic Park',60411,17,19694,1892),
 (33,'Estadi Olímpic Lluís Companys',60713,1,21518,1927),
 (34,'Estadio Olímpico de Sevilla',60000,15,21518,1999),
 (35,'Parc Olympique Lyonnais',59186,18,4769,2016),
 (36,'PGE Narodowy',58580,19,15722,2011),
 (37,'Stadio San Nicola',58248,20,10257,1990),
 (38,'Volksparkstadion',57274,21,7809,1953),
 (39,'Johan Cruyff Arena',56090,22,13274,1996),
 (42,'Silesian Stadium',55211,23,15722,1956),
 (43,'Etihad Stadium',55097,8,1729,2002),
 (44,'Stadio Diego Armando Maradona',54726,24,10257,1959),
 (45,'Merkur Spiel-Arena',54600,25,7809,2004),
 (50,'Anfield',53996,26,1729,1884),
 (51,'San Mamés',53332,28,21518,2013),
 (53,'St James'' Park',52387,29,1729,1886),
 (56,'Hampden Park',51866,17,19694,1903),
 (58,'De Kuip',51577,30,13274,1937),
 (59,'Deutsche Bank Park',51500,31,7809,1925),
 (61,'Ibrox Stadium',50817,17,19694,1899),
 (62,'RheinEnergieStadion',50374,32,7809,2004),
 (63,'Stade Pierre-Mauroy',50157,33,4769,2012),
 (64,'Estádio José Alvalade',50095,13,17642,2003),
 (65,'King Baudouin Stadium',50093,34,1,1930),
 (66,'Estádio do Dragão',50033,35,17642,2003),
 (67,'Max-Morlock-Stadion',50000,36,7809,1928),
 (69,'Fritz-Walter-Stadion',49780,37,7809,1920),
 (70,'Mestalla Stadium',49677,38,21518,1923),
 (71,'HDI-Arena',49000,39,7809,1954),
 (72,'Stadium of Light',49000,40,1729,1997),
 (73,'Parc des Princes',48583,41,4769,1897),
 (79,'Wrocław Stadium',45105,42,15722,2011),
 (86,'Red Bull Arena',44345,43,7809,1954),
 (88,'Arena Gdańsk',43615,44,15722,2011),
 (90,'Lech Stadium',43269,45,15722,1980),
 (93,'Stadio Artemio Franchi',43147,46,10257,1931),
 (95,'Villa Park',42788,47,1729,1897),
 (96,'Estadio Ramón Sánchez Pizjuán',42714,15,21518,1957),
 (98,'Weserstadion',42500,48,7809,1923),
 (99,'Matmut Atlantique',42115,49,4769,2015),
 (101,'Stade Geoffroy-Guichard',41965,50,4769,1931),
 (102,'Stamford Bridge',41841,2,1729,1877),
 (103,'Juventus Stadium',41507,51,10257,2011),
 (106,'Estadi Cornellà-El Prat',40500,1,21518,2009),
 (107,'Stadio San Filippo',40200,52,10257,2004),
 (109,'Hillsborough Stadium',39814,53,1729,1899),
 (110,'Goodison Park',39572,26,1729,1892),
 (111,'Estadio Anoeta',39500,NULL,NULL,1993),
 (112,'Stadio Renato Dall''Ara',39444,55,10257,1927),
 (113,'Stadio Marcantonio Bentegodi',39211,56,10257,1963),
 (114,'Estadio Manuel Martínez Valero',38750,57,21518,1976),
 (115,'St. Jakob-Park',38512,58,24558,2001),
 (116,'Stade Bollaert-Delelis',38223,59,4769,1932),
 (118,'Elland Road',37890,60,1729,1897),
 (120,'Stadio Renzo Barbera',37619,61,10257,1932),
 (121,'Estádio Nacional',37593,62,17642,1944),
 (122,'Stadio Arechi',37245,63,10257,1991),
 (125,'Stadio Luigi Ferraris',36536,64,10257,1911),
 (130,'Allianz Riviera',35624,65,4769,2013),
 (131,'Stade de la Beaujoire',35322,66,4769,1984),
 (132,'Ludwigspark Stadion',35303,67,7809,1953),
 (136,'Riverside Stadium',35100,68,1729,1995),
 (138,'Stade de Gerland',35000,18,4769,1926),
 (140,'Philips Stadion',35000,69,13274,1913),
 (144,'Stade Jacques Chaban-Delmas',34694,49,4769,1924),
 (145,'Riazor',34600,70,21518,1940),
 (146,'La Romareda',34596,71,21518,1957),
 (148,'Grotenburg-Stadion',34500,72,7809,1927),
 (150,'Opel Arena',34034,73,7809,2011),
 (152,'Gelredome',34000,74,13274,1998),
 (154,'Pride Park Stadium',33597,75,1729,1997),
 (156,'Stadion Henryka Reymana',33326,76,15722,1953),
 (157,'Stadium Municipal',33150,77,4769,1937),
 (160,'Estadio Nueva Condomina',33045,78,21518,2006),
 (166,'New Tivoli',32960,79,7809,2009),
 (167,'Stade de la Mosson',32939,80,4769,1972),
 (169,'Estádio Municipal de Aveiro',32830,81,17642,2003),
 (170,'Coventry Building Society Arena',32753,82,1729,2005),
 (172,'Bramall Lane',32702,53,1729,1855),
 (173,'St Mary''s Stadium',32689,83,1729,2001),
 (175,'Estadio Balaídos',32500,84,21518,1928),
 (177,'Stadio Nereo Rocco',32454,85,10257,1992),
 (178,'Estadio Gran Canaria',32392,86,21518,2003),
 (179,'Stadio Euganeo',32336,87,10257,1994),
 (180,'King Power Stadium',32261,88,1729,2002),
 (181,'Rudolf Harbig Stadion',32066,89,7809,1923),
 (185,'Stade de Suisse',32000,90,24558,2005),
 (186,'Lord''s',32000,2,1729,1814),
 (187,'Paris La Défense Arena',32000,91,4769,2017),
 (188,'Ernest Pohl Stadium',31871,92,15722,1934),
 (189,'Polish Army Stadium',31800,19,15722,1930),
 (192,'Molineux Stadium',31700,93,1729,1889),
 (193,'Stadio Via del Mare',31533,94,10257,1966),
 (194,'Schauinsland-Reisen-Arena',31500,95,7809,2004),
 (195,'Ewood Park',31367,96,1729,1882),
 (200,'Falmer Stadium',30750,97,1729,2011),
 (201,'WWK Arena',30660,98,7809,2009),
 (203,'Stadium MK',30500,99,1729,2007),
 (204,'Estadio Carlos Tartiere',30500,100,21518,2000),
 (206,'City Ground',30445,101,1729,1898),
 (208,'Estádio Algarve',30305,NULL,NULL,2004),
 (209,'Estádio Municipal de Braga',30286,103,17642,2003),
 (211,'BayArena',30210,104,7809,1932),
 (212,'De Grolsch Veste',30205,105,13274,1998),
 (214,'PreZero Arena',30150,106,7809,2009),
 (215,'Volkswagen Arena',30122,107,7809,2002),
 (216,'bet365 Stadium',30089,108,1729,1997),
 (217,'Stade de Genève',30084,109,24558,2003),
 (218,'Estadio La Rosaleda',30044,110,21518,1941),
 (219,'Estádio D. Afonso Henriques',30029,NULL,NULL,1999),
 (220,'Stade Maurice Dufrasne',30023,112,1,1909),
 (221,'St Andrew''s Stadium',30009,47,1729,1906),
 (223,'Letzigrund',30000,113,24558,2007),
 (224,'Stade Municipal Saint-Symphorien',30000,114,4769,1923),
 (225,'Stadio Flaminio',30000,10,10257,1959),
 (226,'Roazhon Park',29778,115,4769,1912),
 (227,'Wildparkstadion',29699,116,7809,1955),
 (228,'Portman Road',29673,117,1729,1884),
 (229,'Estádio Cidade de Coimbra',29622,118,17642,2003),
 (230,'Estadio José Rico Pérez',29500,119,21518,1974),
 (231,'Millerntor-Stadion',29063,21,7809,1961),
 (232,'Jan Breydel Stadium',29042,120,1,1975),
 (233,'El Molinón',29029,121,21518,1908),
 (235,'Ostseestadion',29000,122,7809,1954),
 (239,'University of Bolton Stadium',28723,123,1729,1997),
 (240,'Estádio do Bessa',28263,35,17642,2003),
 (242,'Constant Vanden Stock Stadium',28063,34,1,1917),
 (244,'Estádio 1º de Maio',28000,103,17642,1950),
 (246,'Stadio Renato Curi',28000,124,10257,1974),
 (248,'Stadio Olimpico Grande Torino',27958,51,10257,1933),
 (249,'Stadio Ennio Tardini',27906,125,10257,1923),
 (250,'Estadio José Zorrilla',27846,126,21518,1982),
 (251,'Stadio Oreste Granillo',27763,127,10257,1999),
 (252,'Ruhrstadion',27599,128,7809,1921),
 (253,'Stadio Erasmo Iacovone',27584,129,10257,1965),
 (254,'Stadio Mario Rigamonti',27547,130,10257,1959),
 (256,'Odsal Stadium',27491,131,1729,1934),
 (257,'MDCC-Arena',27250,132,7809,2006),
 (258,'Carrow Road',27244,133,1729,1935),
 (260,'The Valley (London)',27111,2,1729,1919),
 (261,'Ashton Gate Stadium',27000,134,1729,1887),
 (262,'Carl-Benz-Stadion',27000,135,7809,1994),
 (267,'The Hawthorns',26688,136,1729,1900),
 (269,'SchücoArena',26515,137,7809,1926),
 (271,'Estadi Ciutat de València',26354,38,21518,1969),
 (273,'Selhurst Park',26309,2,1729,1924),
 (274,'Stadio Partenio',26308,138,10257,1973),
 (276,'Stade de la Meinau',26109,139,4769,1914),
 (277,'Abe Lenstra Stadion',26100,140,13274,1994),
 (278,'Stadio del Conero',26000,141,10257,1992),
 (279,'Welford Road Stadium',26000,88,1729,1892),
 (280,'Old Trafford Cricket Ground',26000,8,1729,1857),
 (282,'Craven Cottage',25700,2,1729,1896),
 (288,'MKM Stadium',25404,142,1729,2002),
 (290,'Stade Océane',25178,143,4769,2012),
 (291,'Stade du Hainaut',25172,144,4769,2011),
 (292,'Stadio Friuli',25144,145,10257,1976),
 (293,'DW Stadium',25138,146,1729,1999),
 (294,'Valley Parade',25136,131,1729,1886),
 (295,'MMArena',25064,147,4769,2011),
 (296,'Edgbaston Cricket Ground',25000,47,1729,1882),
 (299,'Stadio Pino Zaccheria',25000,148,10257,1925),
 (300,'Stadion Rote Erde',25000,3,7809,1926),
 (301,'Skatbank-Arena',25000,149,7809,1957),
 (303,'Darlington Arena',25000,150,1729,2003);
 SET IDENTITY_INSERT Stadium OFF;